index,Lo,p1,p2,p3,p4,p5,p6,p7,p8,p9,p10,time
0,0.0,0.0,0,0,0.0,0,0,0,0,0,0,0 days 00:00:01.000000000
1,0.0,0.0,0,0,0.0,0,0,0,0,0,0,0 days 00:01:41.000000000
2,0.0,0.0,0,0,0.0,0,0,0,0,0,0,0 days 00:03:21.000000000
3,0.0,0.0,0,0,0.0,0,0,0,0,0,0,0 days 00:05:01.000000000
4,0.0,0.0,0,0,0.0,0,0,0,0,0,0,0 days 00:06:41.000000000
5,0.0,0.0,0,0,0.0,0,0,0,0,0,0,0 days 00:08:21.000000000
6,0.0,0.0,0,0,0.0,0,0,0,0,0,0,0 days 00:10:01.000000000
7,0.0,0.0,0,0,0.0,0,0,0,0,0,0,0 days 00:11:41.000000000
8,0.0,0.0,0,0,0.0,0,0,0,0,0,0,0 days 00:13:21.000000000
9,0.0,0.0,0,0,0.0,0,0,0,0,0,0,0 days 00:15:01.000000000
10,0.0,95889.1016957,0,0,0.0,0,0,0,0,0,0,0 days 00:16:41.000000000
11,0.0,96020.0966511,0,0,0.0,0,0,0,0,0,0,0 days 00:18:21.000000000
12,0.0,95800.5,0,0,0.0,0,0,0,0,0,0,0 days 00:20:01.000000000
13,0.0,95965.2017019,0,0,0.0,0,0,0,0,0,0,0 days 00:21:41.000000000
14,0.0,95259.998295,0,0,0.0,0,0,0,0,0,0,0 days 00:23:21.000000000
15,0.0,95590.001705,0,0,0.0,0,0,0,0,0,0,0 days 00:25:01.000000000
16,0.0,96359.998295,0,0,0.0,0,0,0,0,0,0,0 days 00:26:41.000000000
17,0.0,96084.998295,0,0,0.0,0,0,0,0,0,0,0 days 00:28:21.000000000
18,0.0,94984.998295,0,0,0.0,0,0,0,0,0,0,0 days 00:30:01.000000000
19,0.0,95315.001705,0,0,0.0,0,0,0,0,0,0,0 days 00:31:41.000000000
20,191204.1034007,95315.001705,0,0,0.0,0,0,0,0,0,0,0 days 00:33:21.000000000
21,191720.0966511,95700.0,0,0,0.0,0,0,0,0,0,0,0 days 00:35:01.000000000
22,191555.503355,95755.00335500001,0,0,0.0,0,0,0,0,0,0,0 days 00:36:41.000000000
23,192105.2034069,96140.001705,0,0,0.0,0,0,0,0,0,0,0 days 00:38:21.000000000
24,191069.99659,95809.998295,0,0,0.0,0,0,0,0,0,0,0 days 00:40:01.000000000
25,191509.99835,95919.99664499999,0,0,0.0,0,0,0,0,0,0,0 days 00:41:41.000000000
26,194975.0,98615.001705,0,0,0.0,0,0,0,0,0,0,0 days 00:43:21.000000000
27,192115.00165,96030.00335500001,0,0,0.0,0,0,0,0,0,0,0 days 00:45:01.000000000
28,190465.00165,95480.00335500001,0,0,0.0,0,0,0,0,0,0,0 days 00:46:41.000000000
29,190740.001705,95425.0,0,0,0.0,0,0,0,0,0,0,0 days 00:48:21.000000000
30,191234.99835,95919.99664499999,0,0,0.0,0,0,0,0,0,0,0 days 00:50:01.000000000
31,191619.996645,95919.99664499999,0,0,0.0,0,0,0,0,0,0,0 days 00:51:41.000000000
32,190795.00506,95040.001705,0,0,0.0,0,0,0,0,0,0,0 days 00:53:21.000000000
33,191620.00506,95480.00335500001,0,0,0.0,0,0,0,0,0,0,0 days 00:55:01.000000000
34,191959.498295,96149.5,0,0,0.0,0,0,0,0,0,0,0 days 00:56:41.000000000
35,191738.8932839,95818.8966389,0,0,0.0,0,0,0,0,0,0,0 days 00:58:21.000000000
36,194764.501705,96149.5,0,0,0.0,0,0,0,0,0,0,0 days 01:00:01.000000000
37,191904.003355,95874.0,0,0,0.0,0,0,0,0,0,0,0 days 01:01:41.000000000
38,191298.8999939,95818.8966389,0,0,0.0,0,0,0,0,0,0,0 days 01:03:21.000000000
39,191299.0,95874.0,0,0,0.0,0,0,0,0,0,0,0 days 01:05:01.000000000
40,190912.3932839,94992.3966389,0,0,0.0,0,0,0,0,0,0,0 days 01:06:41.000000000
41,191463.3932839,95543.3966389,0,0,0.0,0,0,0,0,0,0,0 days 01:08:21.000000000
42,190528.30341310002,95488.3017081,0,0,0.0,0,0,0,0,0,0,0 days 01:10:01.000000000
43,191188.7016469,95708.6982919,0,0,0.0,0,0,0,0,0,0,0 days 01:11:41.000000000
44,192133.6982919,95984.1982919,0,0,0.0,0,0,0,0,0,0,0 days 01:13:21.000000000
45,191803.0949308,95984.1982919,0,0,0.0,0,0,0,0,0,0,0 days 01:15:01.000000000
46,96149.5,0.0,0,0,0.0,0,0,0,0,0,0,0 days 01:16:41.000000000
47,95874.0,0.0,0,0,0.0,0,0,0,0,0,0,0 days 01:18:21.000000000
48,95818.8966389,0.0,0,0,0.0,0,0,0,0,0,0,0 days 01:20:01.000000000
49,95874.0,0.0,0,0,0.0,0,0,0,0,0,0,0 days 01:21:41.000000000
50,94992.3966389,0.0,0,0,0.0,0,0,0,0,0,0,0 days 01:23:21.000000000
51,95543.3966389,0.0,0,0,0.0,0,0,0,0,0,0,0 days 01:25:01.000000000
52,95488.3017081,0.0,0,0,0.0,0,0,0,0,0,0,0 days 01:26:41.000000000
53,95708.6982919,0.0,0,0,0.0,0,0,0,0,0,0,0 days 01:28:21.000000000
54,95984.1982919,0.0,0,0,0.0,0,0,0,0,0,0,0 days 01:30:01.000000000
55,95984.1982919,0.0,0,0,0.0,0,0,0,0,0,0,0 days 01:31:41.000000000
56,0.0,0.0,0,0,0.0,0,0,0,0,0,0,0 days 01:33:21.000000000
57,0.0,0.0,0,0,0.0,0,0,0,0,0,0,0 days 01:35:01.000000000
58,0.0,0.0,0,0,0.0,0,0,0,0,0,0,0 days 01:36:41.000000000
59,0.0,0.0,0,0,0.0,0,0,0,0,0,0,0 days 01:38:21.000000000
60,0.0,0.0,0,0,0.0,0,0,0,0,0,0,0 days 01:40:01.000000000
61,0.0,0.0,0,0,0.0,0,0,0,0,0,0,0 days 01:41:41.000000000
62,0.0,0.0,0,0,0.0,0,0,0,0,0,0,0 days 01:43:21.000000000
63,0.0,0.0,0,0,0.0,0,0,0,0,0,0,0 days 01:45:01.000000000
64,0.0,0.0,0,0,0.0,0,0,0,0,0,0,0 days 01:46:41.000000000
65,0.0,0.0,0,0,0.0,0,0,0,0,0,0,0 days 01:48:21.000000000
66,0.0,0.0,0,0,0.0,0,0,0,0,0,0,0 days 01:50:01.000000000
67,0.0,0.0,0,0,0.0,0,0,0,0,0,0,0 days 01:51:41.000000000
68,0.0,0.0,0,0,0.0,0,0,0,0,0,0,0 days 01:53:21.000000000
69,0.0,0.0,0,0,0.0,0,0,0,0,0,0,0 days 01:55:01.000000000
70,0.0,0.0,0,0,0.0,0,0,0,0,0,0,0 days 01:56:41.000000000
71,0.0,0.0,0,0,0.0,0,0,0,0,0,0,0 days 01:58:21.000000000
72,0.0,0.0,0,0,0.0,0,0,0,0,0,0,0 days 02:00:01.000000000
73,0.0,0.0,0,0,0.0,0,0,0,0,0,0,0 days 02:01:41.000000000
74,0.0,0.0,0,0,0.0,0,0,0,0,0,0,0 days 02:03:21.000000000
75,0.0,0.0,0,0,0.0,0,0,0,0,0,0,0 days 02:05:01.000000000
76,0.0,0.0,0,0,0.0,0,0,0,0,0,0,0 days 02:06:41.000000000
77,0.0,0.0,0,0,0.0,0,0,0,0,0,0,0 days 02:08:21.000000000
78,0.0,0.0,0,0,0.0,0,0,0,0,0,0,0 days 02:10:01.000000000
79,0.0,0.0,0,0,0.0,0,0,0,0,0,0,0 days 02:11:41.000000000
80,0.0,0.0,0,0,0.0,0,0,0,0,0,0,0 days 02:13:21.000000000
81,0.0,0.0,0,0,0.0,0,0,0,0,0,0,0 days 02:15:01.000000000
82,0.0,0.0,0,0,0.0,0,0,0,0,0,0,0 days 02:16:41.000000000
83,0.0,0.0,0,0,0.0,0,0,0,0,0,0,0 days 02:18:21.000000000
84,0.0,0.0,0,0,0.0,0,0,0,0,0,0,0 days 02:20:01.000000000
85,0.0,0.0,0,0,0.0,0,0,0,0,0,0,0 days 02:21:41.000000000
86,0.0,0.0,0,0,0.0,0,0,0,0,0,0,0 days 02:23:21.000000000
87,0.0,0.0,0,0,0.0,0,0,0,0,0,0,0 days 02:25:01.000000000
88,0.0,0.0,0,0,0.0,0,0,0,0,0,0,0 days 02:26:41.000000000
89,0.0,0.0,0,0,0.0,0,0,0,0,0,0,0 days 02:28:21.000000000
90,0.0,0.0,0,0,0.0,0,0,0,0,0,0,0 days 02:30:01.000000000
91,0.0,0.0,0,0,0.0,0,0,0,0,0,0,0 days 02:31:41.000000000
92,0.0,0.0,0,0,0.0,0,0,0,0,0,0,0 days 02:33:21.000000000
93,0.0,0.0,0,0,0.0,0,0,0,0,0,0,0 days 02:35:01.000000000
94,0.0,0.0,0,0,0.0,0,0,0,0,0,0,0 days 02:36:41.000000000
95,0.0,0.0,0,0,0.0,0,0,0,0,0,0,0 days 02:38:21.000000000
96,0.0,0.0,0,0,0.0,0,0,0,0,0,0,0 days 02:40:01.000000000
97,0.0,0.0,0,0,0.0,0,0,0,0,0,0,0 days 02:41:41.000000000
98,0.0,0.0,0,0,0.0,0,0,0,0,0,0,0 days 02:43:21.000000000
99,0.0,0.0,0,0,0.0,0,0,0,0,0,0,0 days 02:45:01.000000000
100,0.0,0.0,0,0,0.0,0,0,0,0,0,0,0 days 02:46:41.000000000
101,0.0,0.0,0,0,0.0,0,0,0,0,0,0,0 days 02:48:21.000000000
102,0.0,0.0,0,0,0.0,0,0,0,0,0,0,0 days 02:50:01.000000000
103,0.0,0.0,0,0,0.0,0,0,0,0,0,0,0 days 02:51:41.000000000
104,0.0,0.0,0,0,0.0,0,0,0,0,0,0,0 days 02:53:21.000000000
105,0.0,0.0,0,0,0.0,0,0,0,0,0,0,0 days 02:55:01.000000000
106,0.0,0.0,0,0,0.0,0,0,0,0,0,0,0 days 02:56:41.000000000
107,0.0,0.0,0,0,0.0,0,0,0,0,0,0,0 days 02:58:21.000000000
108,0.0,0.0,0,0,0.0,0,0,0,0,0,0,0 days 03:00:01.000000000
109,0.0,0.0,0,0,0.0,0,0,0,0,0,0,0 days 03:01:41.000000000
110,0.0,0.0,0,0,95889.1016957,0,0,0,0,0,0,0 days 03:03:21.000000000
111,0.0,0.0,0,0,96020.0966511,0,0,0,0,0,0,0 days 03:05:01.000000000
112,0.0,0.0,0,0,95800.5,0,0,0,0,0,0,0 days 03:06:41.000000000
113,0.0,0.0,0,0,95965.2017019,0,0,0,0,0,0,0 days 03:08:21.000000000
114,0.0,0.0,0,0,95259.998295,0,0,0,0,0,0,0 days 03:10:01.000000000
115,0.0,0.0,0,0,95590.001705,0,0,0,0,0,0,0 days 03:11:41.000000000
116,0.0,0.0,0,0,96359.998295,0,0,0,0,0,0,0 days 03:13:21.000000000
117,0.0,0.0,0,0,96084.998295,0,0,0,0,0,0,0 days 03:15:01.000000000
118,0.0,0.0,0,0,94984.998295,0,0,0,0,0,0,0 days 03:16:41.000000000
119,0.0,0.0,0,0,95315.001705,0,0,0,0,0,0,0 days 03:18:21.000000000
120,0.0,0.0,0,0,95315.001705,0,0,0,0,0,0,0 days 03:20:01.000000000
121,0.0,0.0,0,0,95700.0,0,0,0,0,0,0,0 days 03:21:41.000000000
122,0.0,0.0,0,0,95755.00335500001,0,0,0,0,0,0,0 days 03:23:21.000000000
123,0.0,0.0,0,0,96140.001705,0,0,0,0,0,0,0 days 03:25:01.000000000
124,0.0,0.0,0,0,95809.998295,0,0,0,0,0,0,0 days 03:26:41.000000000
125,0.0,0.0,0,0,95919.99664499999,0,0,0,0,0,0,0 days 03:28:21.000000000
126,0.0,0.0,0,0,98615.001705,0,0,0,0,0,0,0 days 03:30:01.000000000
127,0.0,0.0,0,0,96030.00335500001,0,0,0,0,0,0,0 days 03:31:41.000000000
128,0.0,0.0,0,0,95480.00335500001,0,0,0,0,0,0,0 days 03:33:21.000000000
129,0.0,0.0,0,0,95425.0,0,0,0,0,0,0,0 days 03:35:01.000000000
130,0.0,0.0,0,0,95919.99664499999,0,0,0,0,0,0,0 days 03:36:41.000000000
131,0.0,0.0,0,0,95919.99664499999,0,0,0,0,0,0,0 days 03:38:21.000000000
132,0.0,0.0,0,0,95040.001705,0,0,0,0,0,0,0 days 03:40:01.000000000
133,0.0,0.0,0,0,95480.00335500001,0,0,0,0,0,0,0 days 03:41:41.000000000
134,0.0,0.0,0,0,96149.5,0,0,0,0,0,0,0 days 03:43:21.000000000
135,0.0,0.0,0,0,95818.8966389,0,0,0,0,0,0,0 days 03:45:01.000000000
136,0.0,0.0,0,0,96149.5,0,0,0,0,0,0,0 days 03:46:41.000000000
137,0.0,0.0,0,0,95874.0,0,0,0,0,0,0,0 days 03:48:21.000000000
138,0.0,0.0,0,0,95818.8966389,0,0,0,0,0,0,0 days 03:50:01.000000000
139,0.0,0.0,0,0,95874.0,0,0,0,0,0,0,0 days 03:51:41.000000000
140,0.0,0.0,0,0,94992.3966389,0,0,0,0,0,0,0 days 03:53:21.000000000
141,0.0,0.0,0,0,95543.3966389,0,0,0,0,0,0,0 days 03:55:01.000000000
142,0.0,0.0,0,0,95488.3017081,0,0,0,0,0,0,0 days 03:56:41.000000000
143,0.0,0.0,0,0,95708.6982919,0,0,0,0,0,0,0 days 03:58:21.000000000
144,0.0,0.0,0,0,95984.1982919,0,0,0,0,0,0,0 days 04:00:01.000000000
145,0.0,0.0,0,0,95984.1982919,0,0,0,0,0,0,0 days 04:01:41.000000000
146,0.0,0.0,0,0,0.0,0,0,0,0,0,0,0 days 04:03:21.000000000
147,0.0,0.0,0,0,0.0,0,0,0,0,0,0,0 days 04:05:01.000000000
148,0.0,0.0,0,0,0.0,0,0,0,0,0,0,0 days 04:06:41.000000000
149,0.0,0.0,0,0,0.0,0,0,0,0,0,0,0 days 04:08:21.000000000
150,0.0,0.0,0,0,0.0,0,0,0,0,0,0,0 days 04:10:01.000000000
151,0.0,0.0,0,0,0.0,0,0,0,0,0,0,0 days 04:11:41.000000000
152,0.0,0.0,0,0,0.0,0,0,0,0,0,0,0 days 04:13:21.000000000
153,0.0,0.0,0,0,0.0,0,0,0,0,0,0,0 days 04:15:01.000000000
154,0.0,0.0,0,0,0.0,0,0,0,0,0,0,0 days 04:16:41.000000000
155,0.0,0.0,0,0,0.0,0,0,0,0,0,0,0 days 04:18:21.000000000
156,0.0,0.0,0,0,0.0,0,0,0,0,0,0,0 days 04:20:01.000000000
157,0.0,0.0,0,0,0.0,0,0,0,0,0,0,0 days 04:21:41.000000000
158,0.0,0.0,0,0,0.0,0,0,0,0,0,0,0 days 04:23:21.000000000
159,0.0,0.0,0,0,0.0,0,0,0,0,0,0,0 days 04:25:01.000000000
160,0.0,0.0,0,0,0.0,0,0,0,0,0,0,0 days 04:26:41.000000000
161,0.0,0.0,0,0,0.0,0,0,0,0,0,0,0 days 04:28:21.000000000
162,0.0,0.0,0,0,0.0,0,0,0,0,0,0,0 days 04:30:01.000000000
163,0.0,0.0,0,0,0.0,0,0,0,0,0,0,0 days 04:31:41.000000000
164,0.0,0.0,0,0,0.0,0,0,0,0,0,0,0 days 04:33:21.000000000
165,0.0,0.0,0,0,0.0,0,0,0,0,0,0,0 days 04:35:01.000000000
166,0.0,0.0,0,0,0.0,0,0,0,0,0,0,0 days 04:36:41.000000000
167,0.0,0.0,0,0,0.0,0,0,0,0,0,0,0 days 04:38:21.000000000
168,0.0,0.0,0,0,0.0,0,0,0,0,0,0,0 days 04:40:01.000000000
169,0.0,0.0,0,0,0.0,0,0,0,0,0,0,0 days 04:41:41.000000000
170,0.0,0.0,0,0,0.0,0,0,0,0,0,0,0 days 04:43:21.000000000
171,0.0,0.0,0,0,0.0,0,0,0,0,0,0,0 days 04:45:01.000000000
172,0.0,0.0,0,0,0.0,0,0,0,0,0,0,0 days 04:46:41.000000000
173,0.0,0.0,0,0,0.0,0,0,0,0,0,0,0 days 04:48:21.000000000
174,0.0,0.0,0,0,0.0,0,0,0,0,0,0,0 days 04:50:01.000000000
175,0.0,0.0,0,0,0.0,0,0,0,0,0,0,0 days 04:51:41.000000000
176,0.0,0.0,0,0,0.0,0,0,0,0,0,0,0 days 04:53:21.000000000
177,0.0,0.0,0,0,0.0,0,0,0,0,0,0,0 days 04:55:01.000000000
178,0.0,0.0,0,0,0.0,0,0,0,0,0,0,0 days 04:56:41.000000000
179,0.0,0.0,0,0,0.0,0,0,0,0,0,0,0 days 04:58:21.000000000
180,0.0,0.0,0,0,0.0,0,0,0,0,0,0,0 days 05:00:01.000000000
181,0.0,0.0,0,0,0.0,0,0,0,0,0,0,0 days 05:01:41.000000000
182,0.0,0.0,0,0,0.0,0,0,0,0,0,0,0 days 05:03:21.000000000
183,0.0,0.0,0,0,0.0,0,0,0,0,0,0,0 days 05:05:01.000000000
184,0.0,0.0,0,0,0.0,0,0,0,0,0,0,0 days 05:06:41.000000000
185,0.0,0.0,0,0,0.0,0,0,0,0,0,0,0 days 05:08:21.000000000
186,0.0,0.0,0,0,0.0,0,0,0,0,0,0,0 days 05:10:01.000000000
187,0.0,0.0,0,0,0.0,0,0,0,0,0,0,0 days 05:11:41.000000000
188,0.0,0.0,0,0,0.0,0,0,0,0,0,0,0 days 05:13:21.000000000
189,0.0,0.0,0,0,0.0,0,0,0,0,0,0,0 days 05:15:01.000000000
190,0.0,0.0,0,0,0.0,0,0,0,0,0,0,0 days 05:16:41.000000000
191,0.0,0.0,0,0,0.0,0,0,0,0,0,0,0 days 05:18:21.000000000
192,0.0,0.0,0,0,0.0,0,0,0,0,0,0,0 days 05:20:01.000000000
193,0.0,0.0,0,0,0.0,0,0,0,0,0,0,0 days 05:21:41.000000000
194,0.0,0.0,0,0,0.0,0,0,0,0,0,0,0 days 05:23:21.000000000
195,0.0,0.0,0,0,0.0,0,0,0,0,0,0,0 days 05:25:01.000000000
196,0.0,0.0,0,0,0.0,0,0,0,0,0,0,0 days 05:26:41.000000000
197,0.0,0.0,0,0,0.0,0,0,0,0,0,0,0 days 05:28:21.000000000
198,0.0,0.0,0,0,0.0,0,0,0,0,0,0,0 days 05:30:01.000000000
199,0.0,0.0,0,0,0.0,0,0,0,0,0,0,0 days 05:31:41.000000000
200,0.0,0.0,0,0,0.0,0,0,0,0,0,0,0 days 05:33:21.000000000
201,0.0,0.0,0,0,0.0,0,0,0,0,0,0,0 days 05:35:01.000000000
202,0.0,0.0,0,0,0.0,0,0,0,0,0,0,0 days 05:36:41.000000000
203,0.0,0.0,0,0,0.0,0,0,0,0,0,0,0 days 05:38:21.000000000
204,0.0,0.0,0,0,0.0,0,0,0,0,0,0,0 days 05:40:01.000000000
205,0.0,0.0,0,0,0.0,0,0,0,0,0,0,0 days 05:41:41.000000000
206,0.0,0.0,0,0,0.0,0,0,0,0,0,0,0 days 05:43:21.000000000
207,0.0,0.0,0,0,0.0,0,0,0,0,0,0,0 days 05:45:01.000000000
208,0.0,0.0,0,0,0.0,0,0,0,0,0,0,0 days 05:46:41.000000000
209,0.0,0.0,0,0,0.0,0,0,0,0,0,0,0 days 05:48:21.000000000
210,0.0,0.0,0,0,0.0,0,0,0,0,0,0,0 days 05:50:01.000000000
211,0.0,0.0,0,0,0.0,0,0,0,0,0,0,0 days 05:51:41.000000000
212,0.0,0.0,0,0,0.0,0,0,0,0,0,0,0 days 05:53:21.000000000
213,0.0,0.0,0,0,0.0,0,0,0,0,0,0,0 days 05:55:01.000000000
214,0.0,0.0,0,0,0.0,0,0,0,0,0,0,0 days 05:56:41.000000000
215,0.0,0.0,0,0,0.0,0,0,0,0,0,0,0 days 05:58:21.000000000
216,0.0,0.0,0,0,0.0,0,0,0,0,0,0,0 days 06:00:01.000000000
217,0.0,0.0,0,0,0.0,0,0,0,0,0,0,0 days 06:01:41.000000000
218,0.0,0.0,0,0,0.0,0,0,0,0,0,0,0 days 06:03:21.000000000
219,0.0,0.0,0,0,0.0,0,0,0,0,0,0,0 days 06:05:01.000000000
220,0.0,0.0,0,0,0.0,0,0,0,0,0,0,0 days 06:06:41.000000000
221,0.0,0.0,0,0,0.0,0,0,0,0,0,0,0 days 06:08:21.000000000
222,0.0,0.0,0,0,0.0,0,0,0,0,0,0,0 days 06:10:01.000000000
223,0.0,0.0,0,0,0.0,0,0,0,0,0,0,0 days 06:11:41.000000000
224,0.0,0.0,0,0,0.0,0,0,0,0,0,0,0 days 06:13:21.000000000
225,0.0,0.0,0,0,0.0,0,0,0,0,0,0,0 days 06:15:01.000000000
226,0.0,0.0,0,0,0.0,0,0,0,0,0,0,0 days 06:16:41.000000000
227,0.0,0.0,0,0,0.0,0,0,0,0,0,0,0 days 06:18:21.000000000
228,0.0,0.0,0,0,0.0,0,0,0,0,0,0,0 days 06:20:01.000000000
229,0.0,0.0,0,0,0.0,0,0,0,0,0,0,0 days 06:21:41.000000000
230,0.0,0.0,0,0,0.0,0,0,0,0,0,0,0 days 06:23:21.000000000
231,0.0,0.0,0,0,0.0,0,0,0,0,0,0,0 days 06:25:01.000000000
232,0.0,0.0,0,0,0.0,0,0,0,0,0,0,0 days 06:26:41.000000000
233,0.0,0.0,0,0,0.0,0,0,0,0,0,0,0 days 06:28:21.000000000
234,0.0,0.0,0,0,0.0,0,0,0,0,0,0,0 days 06:30:01.000000000
235,0.0,0.0,0,0,0.0,0,0,0,0,0,0,0 days 06:31:41.000000000
236,0.0,0.0,0,0,0.0,0,0,0,0,0,0,0 days 06:33:21.000000000
237,0.0,0.0,0,0,0.0,0,0,0,0,0,0,0 days 06:35:01.000000000
238,0.0,0.0,0,0,0.0,0,0,0,0,0,0,0 days 06:36:41.000000000
239,0.0,0.0,0,0,0.0,0,0,0,0,0,0,0 days 06:38:21.000000000
240,0.0,0.0,0,0,0.0,0,0,0,0,0,0,0 days 06:40:01.000000000
241,0.0,0.0,0,0,0.0,0,0,0,0,0,0,0 days 06:41:41.000000000
242,0.0,0.0,0,0,0.0,0,0,0,0,0,0,0 days 06:43:21.000000000
243,0.0,0.0,0,0,0.0,0,0,0,0,0,0,0 days 06:45:01.000000000
244,0.0,0.0,0,0,0.0,0,0,0,0,0,0,0 days 06:46:41.000000000
245,0.0,0.0,0,0,0.0,0,0,0,0,0,0,0 days 06:48:21.000000000
246,0.0,0.0,0,0,0.0,0,0,0,0,0,0,0 days 06:50:01.000000000
247,0.0,0.0,0,0,0.0,0,0,0,0,0,0,0 days 06:51:41.000000000
248,0.0,0.0,0,0,0.0,0,0,0,0,0,0,0 days 06:53:21.000000000
249,0.0,0.0,0,0,0.0,0,0,0,0,0,0,0 days 06:55:01.000000000
250,0.0,0.0,0,0,0.0,0,0,0,0,0,0,0 days 06:56:41.000000000
251,0.0,0.0,0,0,0.0,0,0,0,0,0,0,0 days 06:58:21.000000000
252,0.0,0.0,0,0,0.0,0,0,0,0,0,0,0 days 07:00:01.000000000
253,0.0,0.0,0,0,0.0,0,0,0,0,0,0,0 days 07:01:41.000000000
254,0.0,0.0,0,0,0.0,0,0,0,0,0,0,0 days 07:03:21.000000000
255,0.0,0.0,0,0,0.0,0,0,0,0,0,0,0 days 07:05:01.000000000
256,0.0,0.0,0,0,0.0,0,0,0,0,0,0,0 days 07:06:41.000000000
257,0.0,0.0,0,0,0.0,0,0,0,0,0,0,0 days 07:08:21.000000000
258,0.0,0.0,0,0,0.0,0,0,0,0,0,0,0 days 07:10:01.000000000
259,0.0,0.0,0,0,0.0,0,0,0,0,0,0,0 days 07:11:41.000000000
260,0.0,0.0,0,0,0.0,0,0,0,0,0,0,0 days 07:13:21.000000000
261,0.0,0.0,0,0,0.0,0,0,0,0,0,0,0 days 07:15:01.000000000
262,0.0,0.0,0,0,0.0,0,0,0,0,0,0,0 days 07:16:41.000000000
263,0.0,0.0,0,0,0.0,0,0,0,0,0,0,0 days 07:18:21.000000000
264,0.0,0.0,0,0,0.0,0,0,0,0,0,0,0 days 07:20:01.000000000
265,0.0,0.0,0,0,0.0,0,0,0,0,0,0,0 days 07:21:41.000000000
266,0.0,0.0,0,0,0.0,0,0,0,0,0,0,0 days 07:23:21.000000000
267,0.0,0.0,0,0,0.0,0,0,0,0,0,0,0 days 07:25:01.000000000
268,0.0,0.0,0,0,0.0,0,0,0,0,0,0,0 days 07:26:41.000000000
269,0.0,0.0,0,0,0.0,0,0,0,0,0,0,0 days 07:28:21.000000000
270,0.0,0.0,0,0,0.0,0,0,0,0,0,0,0 days 07:30:01.000000000
271,0.0,0.0,0,0,0.0,0,0,0,0,0,0,0 days 07:31:41.000000000
272,0.0,0.0,0,0,0.0,0,0,0,0,0,0,0 days 07:33:21.000000000
273,0.0,0.0,0,0,0.0,0,0,0,0,0,0,0 days 07:35:01.000000000
274,0.0,0.0,0,0,0.0,0,0,0,0,0,0,0 days 07:36:41.000000000
275,0.0,0.0,0,0,0.0,0,0,0,0,0,0,0 days 07:38:21.000000000
276,0.0,0.0,0,0,0.0,0,0,0,0,0,0,0 days 07:40:01.000000000
277,0.0,0.0,0,0,0.0,0,0,0,0,0,0,0 days 07:41:41.000000000
278,0.0,0.0,0,0,0.0,0,0,0,0,0,0,0 days 07:43:21.000000000
279,0.0,0.0,0,0,0.0,0,0,0,0,0,0,0 days 07:45:01.000000000
280,0.0,0.0,0,0,0.0,0,0,0,0,0,0,0 days 07:46:41.000000000
281,0.0,0.0,0,0,0.0,0,0,0,0,0,0,0 days 07:48:21.000000000
282,0.0,0.0,0,0,0.0,0,0,0,0,0,0,0 days 07:50:01.000000000
283,0.0,0.0,0,0,0.0,0,0,0,0,0,0,0 days 07:51:41.000000000
284,0.0,0.0,0,0,0.0,0,0,0,0,0,0,0 days 07:53:21.000000000
285,0.0,0.0,0,0,0.0,0,0,0,0,0,0,0 days 07:55:01.000000000
286,0.0,0.0,0,0,0.0,0,0,0,0,0,0,0 days 07:56:41.000000000
287,0.0,0.0,0,0,0.0,0,0,0,0,0,0,0 days 07:58:21.000000000
288,0.0,0.0,0,0,0.0,0,0,0,0,0,0,0 days 08:00:01.000000000
289,0.0,0.0,0,0,0.0,0,0,0,0,0,0,0 days 08:01:41.000000000
290,0.0,0.0,0,0,0.0,0,0,0,0,0,0,0 days 08:03:21.000000000
291,0.0,0.0,0,0,0.0,0,0,0,0,0,0,0 days 08:05:01.000000000
292,0.0,0.0,0,0,0.0,0,0,0,0,0,0,0 days 08:06:41.000000000
293,0.0,0.0,0,0,0.0,0,0,0,0,0,0,0 days 08:08:21.000000000
294,0.0,0.0,0,0,0.0,0,0,0,0,0,0,0 days 08:10:01.000000000
295,0.0,0.0,0,0,0.0,0,0,0,0,0,0,0 days 08:11:41.000000000
296,0.0,0.0,0,0,0.0,0,0,0,0,0,0,0 days 08:13:21.000000000
297,0.0,0.0,0,0,0.0,0,0,0,0,0,0,0 days 08:15:01.000000000
298,0.0,0.0,0,0,0.0,0,0,0,0,0,0,0 days 08:16:41.000000000
299,0.0,0.0,0,0,0.0,0,0,0,0,0,0,0 days 08:18:21.000000000
300,0.0,0.0,0,0,0.0,0,0,0,0,0,0,0 days 08:20:01.000000000
301,0.0,0.0,0,0,0.0,0,0,0,0,0,0,0 days 08:21:41.000000000
302,0.0,0.0,0,0,0.0,0,0,0,0,0,0,0 days 08:23:21.000000000
303,0.0,0.0,0,0,0.0,0,0,0,0,0,0,0 days 08:25:01.000000000
304,0.0,0.0,0,0,0.0,0,0,0,0,0,0,0 days 08:26:41.000000000
305,0.0,0.0,0,0,0.0,0,0,0,0,0,0,0 days 08:28:21.000000000
306,0.0,0.0,0,0,0.0,0,0,0,0,0,0,0 days 08:30:01.000000000
307,0.0,0.0,0,0,0.0,0,0,0,0,0,0,0 days 08:31:41.000000000
308,0.0,0.0,0,0,0.0,0,0,0,0,0,0,0 days 08:33:21.000000000
309,0.0,0.0,0,0,0.0,0,0,0,0,0,0,0 days 08:35:01.000000000
310,0.0,0.0,0,0,0.0,0,0,0,0,0,0,0 days 08:36:41.000000000
311,0.0,0.0,0,0,0.0,0,0,0,0,0,0,0 days 08:38:21.000000000
312,0.0,0.0,0,0,0.0,0,0,0,0,0,0,0 days 08:40:01.000000000
313,0.0,0.0,0,0,0.0,0,0,0,0,0,0,0 days 08:41:41.000000000
314,0.0,0.0,0,0,0.0,0,0,0,0,0,0,0 days 08:43:21.000000000
315,0.0,0.0,0,0,0.0,0,0,0,0,0,0,0 days 08:45:01.000000000
316,0.0,0.0,0,0,0.0,0,0,0,0,0,0,0 days 08:46:41.000000000
317,0.0,0.0,0,0,0.0,0,0,0,0,0,0,0 days 08:48:21.000000000
318,0.0,0.0,0,0,0.0,0,0,0,0,0,0,0 days 08:50:01.000000000
319,0.0,0.0,0,0,0.0,0,0,0,0,0,0,0 days 08:51:41.000000000
320,0.0,0.0,0,0,0.0,0,0,0,0,0,0,0 days 08:53:21.000000000
321,0.0,0.0,0,0,0.0,0,0,0,0,0,0,0 days 08:55:01.000000000
322,0.0,0.0,0,0,0.0,0,0,0,0,0,0,0 days 08:56:41.000000000
323,0.0,0.0,0,0,0.0,0,0,0,0,0,0,0 days 08:58:21.000000000
324,0.0,0.0,0,0,0.0,0,0,0,0,0,0,0 days 09:00:01.000000000
325,0.0,0.0,0,0,0.0,0,0,0,0,0,0,0 days 09:01:41.000000000
326,0.0,0.0,0,0,0.0,0,0,0,0,0,0,0 days 09:03:21.000000000
327,0.0,0.0,0,0,0.0,0,0,0,0,0,0,0 days 09:05:01.000000000
328,0.0,0.0,0,0,0.0,0,0,0,0,0,0,0 days 09:06:41.000000000
329,0.0,0.0,0,0,0.0,0,0,0,0,0,0,0 days 09:08:21.000000000
330,0.0,0.0,0,0,0.0,0,0,0,0,0,0,0 days 09:10:01.000000000
331,0.0,0.0,0,0,0.0,0,0,0,0,0,0,0 days 09:11:41.000000000
332,0.0,0.0,0,0,0.0,0,0,0,0,0,0,0 days 09:13:21.000000000
333,0.0,0.0,0,0,0.0,0,0,0,0,0,0,0 days 09:15:01.000000000
334,0.0,0.0,0,0,0.0,0,0,0,0,0,0,0 days 09:16:41.000000000
335,0.0,0.0,0,0,0.0,0,0,0,0,0,0,0 days 09:18:21.000000000
336,0.0,0.0,0,0,0.0,0,0,0,0,0,0,0 days 09:20:01.000000000
337,0.0,0.0,0,0,0.0,0,0,0,0,0,0,0 days 09:21:41.000000000
338,0.0,0.0,0,0,0.0,0,0,0,0,0,0,0 days 09:23:21.000000000
339,0.0,0.0,0,0,0.0,0,0,0,0,0,0,0 days 09:25:01.000000000
340,0.0,0.0,0,0,0.0,0,0,0,0,0,0,0 days 09:26:41.000000000
341,0.0,0.0,0,0,0.0,0,0,0,0,0,0,0 days 09:28:21.000000000
342,0.0,0.0,0,0,0.0,0,0,0,0,0,0,0 days 09:30:01.000000000
343,0.0,0.0,0,0,0.0,0,0,0,0,0,0,0 days 09:31:41.000000000
344,0.0,0.0,0,0,0.0,0,0,0,0,0,0,0 days 09:33:21.000000000
345,0.0,0.0,0,0,0.0,0,0,0,0,0,0,0 days 09:35:01.000000000
346,0.0,0.0,0,0,0.0,0,0,0,0,0,0,0 days 09:36:41.000000000
347,0.0,0.0,0,0,0.0,0,0,0,0,0,0,0 days 09:38:21.000000000
348,0.0,0.0,0,0,0.0,0,0,0,0,0,0,0 days 09:40:01.000000000
349,0.0,0.0,0,0,0.0,0,0,0,0,0,0,0 days 09:41:41.000000000
350,0.0,0.0,0,0,0.0,0,0,0,0,0,0,0 days 09:43:21.000000000
351,0.0,0.0,0,0,0.0,0,0,0,0,0,0,0 days 09:45:01.000000000
352,0.0,0.0,0,0,0.0,0,0,0,0,0,0,0 days 09:46:41.000000000
353,0.0,0.0,0,0,0.0,0,0,0,0,0,0,0 days 09:48:21.000000000
354,0.0,0.0,0,0,0.0,0,0,0,0,0,0,0 days 09:50:01.000000000
355,0.0,0.0,0,0,0.0,0,0,0,0,0,0,0 days 09:51:41.000000000
356,0.0,0.0,0,0,0.0,0,0,0,0,0,0,0 days 09:53:21.000000000
357,0.0,0.0,0,0,0.0,0,0,0,0,0,0,0 days 09:55:01.000000000
358,0.0,0.0,0,0,0.0,0,0,0,0,0,0,0 days 09:56:41.000000000
359,0.0,0.0,0,0,0.0,0,0,0,0,0,0,0 days 09:58:21.000000000
360,0.0,0.0,0,0,0.0,0,0,0,0,0,0,0 days 10:00:01.000000000
361,0.0,0.0,0,0,0.0,0,0,0,0,0,0,0 days 10:01:41.000000000
362,0.0,0.0,0,0,0.0,0,0,0,0,0,0,0 days 10:03:21.000000000
363,0.0,0.0,0,0,0.0,0,0,0,0,0,0,0 days 10:05:01.000000000
364,0.0,0.0,0,0,0.0,0,0,0,0,0,0,0 days 10:06:41.000000000
365,0.0,0.0,0,0,0.0,0,0,0,0,0,0,0 days 10:08:21.000000000
366,0.0,0.0,0,0,0.0,0,0,0,0,0,0,0 days 10:10:01.000000000
367,0.0,0.0,0,0,0.0,0,0,0,0,0,0,0 days 10:11:41.000000000
368,0.0,0.0,0,0,0.0,0,0,0,0,0,0,0 days 10:13:21.000000000
369,0.0,0.0,0,0,0.0,0,0,0,0,0,0,0 days 10:15:01.000000000
370,0.0,0.0,0,0,0.0,0,0,0,0,0,0,0 days 10:16:41.000000000
371,0.0,0.0,0,0,0.0,0,0,0,0,0,0,0 days 10:18:21.000000000
372,0.0,0.0,0,0,0.0,0,0,0,0,0,0,0 days 10:20:01.000000000
373,0.0,0.0,0,0,0.0,0,0,0,0,0,0,0 days 10:21:41.000000000
374,0.0,0.0,0,0,0.0,0,0,0,0,0,0,0 days 10:23:21.000000000
375,0.0,0.0,0,0,0.0,0,0,0,0,0,0,0 days 10:25:01.000000000
376,0.0,0.0,0,0,0.0,0,0,0,0,0,0,0 days 10:26:41.000000000
377,0.0,0.0,0,0,0.0,0,0,0,0,0,0,0 days 10:28:21.000000000
378,0.0,0.0,0,0,0.0,0,0,0,0,0,0,0 days 10:30:01.000000000
379,0.0,0.0,0,0,0.0,0,0,0,0,0,0,0 days 10:31:41.000000000
380,0.0,0.0,0,0,0.0,0,0,0,0,0,0,0 days 10:33:21.000000000
381,0.0,0.0,0,0,0.0,0,0,0,0,0,0,0 days 10:35:01.000000000
382,0.0,0.0,0,0,0.0,0,0,0,0,0,0,0 days 10:36:41.000000000
383,0.0,0.0,0,0,0.0,0,0,0,0,0,0,0 days 10:38:21.000000000
384,0.0,0.0,0,0,0.0,0,0,0,0,0,0,0 days 10:40:01.000000000
385,0.0,0.0,0,0,0.0,0,0,0,0,0,0,0 days 10:41:41.000000000
386,0.0,0.0,0,0,0.0,0,0,0,0,0,0,0 days 10:43:21.000000000
387,0.0,0.0,0,0,0.0,0,0,0,0,0,0,0 days 10:45:01.000000000
388,0.0,0.0,0,0,0.0,0,0,0,0,0,0,0 days 10:46:41.000000000
389,0.0,0.0,0,0,0.0,0,0,0,0,0,0,0 days 10:48:21.000000000
390,0.0,0.0,0,0,0.0,0,0,0,0,0,0,0 days 10:50:01.000000000
391,0.0,0.0,0,0,0.0,0,0,0,0,0,0,0 days 10:51:41.000000000
392,0.0,0.0,0,0,0.0,0,0,0,0,0,0,0 days 10:53:21.000000000
393,0.0,0.0,0,0,0.0,0,0,0,0,0,0,0 days 10:55:01.000000000
394,0.0,0.0,0,0,0.0,0,0,0,0,0,0,0 days 10:56:41.000000000
395,0.0,0.0,0,0,0.0,0,0,0,0,0,0,0 days 10:58:21.000000000
396,0.0,0.0,0,0,0.0,0,0,0,0,0,0,0 days 11:00:01.000000000
397,0.0,0.0,0,0,0.0,0,0,0,0,0,0,0 days 11:01:41.000000000
398,0.0,0.0,0,0,0.0,0,0,0,0,0,0,0 days 11:03:21.000000000
399,0.0,0.0,0,0,0.0,0,0,0,0,0,0,0 days 11:05:01.000000000
400,0.0,0.0,0,0,0.0,0,0,0,0,0,0,0 days 11:06:41.000000000
401,0.0,0.0,0,0,0.0,0,0,0,0,0,0,0 days 11:08:21.000000000
402,0.0,0.0,0,0,0.0,0,0,0,0,0,0,0 days 11:10:01.000000000
403,0.0,0.0,0,0,0.0,0,0,0,0,0,0,0 days 11:11:41.000000000
404,0.0,0.0,0,0,0.0,0,0,0,0,0,0,0 days 11:13:21.000000000
405,0.0,0.0,0,0,0.0,0,0,0,0,0,0,0 days 11:15:01.000000000
406,0.0,0.0,0,0,0.0,0,0,0,0,0,0,0 days 11:16:41.000000000
407,0.0,0.0,0,0,0.0,0,0,0,0,0,0,0 days 11:18:21.000000000
408,0.0,0.0,0,0,0.0,0,0,0,0,0,0,0 days 11:20:01.000000000
409,0.0,0.0,0,0,0.0,0,0,0,0,0,0,0 days 11:21:41.000000000
410,0.0,0.0,0,0,0.0,0,0,0,0,0,0,0 days 11:23:21.000000000
411,0.0,0.0,0,0,0.0,0,0,0,0,0,0,0 days 11:25:01.000000000
412,0.0,0.0,0,0,0.0,0,0,0,0,0,0,0 days 11:26:41.000000000
413,0.0,0.0,0,0,0.0,0,0,0,0,0,0,0 days 11:28:21.000000000
414,0.0,0.0,0,0,0.0,0,0,0,0,0,0,0 days 11:30:01.000000000
415,0.0,0.0,0,0,0.0,0,0,0,0,0,0,0 days 11:31:41.000000000
416,0.0,0.0,0,0,0.0,0,0,0,0,0,0,0 days 11:33:21.000000000
417,0.0,0.0,0,0,0.0,0,0,0,0,0,0,0 days 11:35:01.000000000
418,0.0,0.0,0,0,0.0,0,0,0,0,0,0,0 days 11:36:41.000000000
419,0.0,0.0,0,0,0.0,0,0,0,0,0,0,0 days 11:38:21.000000000
420,0.0,0.0,0,0,0.0,0,0,0,0,0,0,0 days 11:40:01.000000000
421,0.0,0.0,0,0,0.0,0,0,0,0,0,0,0 days 11:41:41.000000000
422,0.0,0.0,0,0,0.0,0,0,0,0,0,0,0 days 11:43:21.000000000
423,0.0,0.0,0,0,0.0,0,0,0,0,0,0,0 days 11:45:01.000000000
424,0.0,0.0,0,0,0.0,0,0,0,0,0,0,0 days 11:46:41.000000000
425,0.0,0.0,0,0,0.0,0,0,0,0,0,0,0 days 11:48:21.000000000
426,0.0,0.0,0,0,0.0,0,0,0,0,0,0,0 days 11:50:01.000000000
427,0.0,0.0,0,0,0.0,0,0,0,0,0,0,0 days 11:51:41.000000000
428,0.0,0.0,0,0,0.0,0,0,0,0,0,0,0 days 11:53:21.000000000
429,0.0,0.0,0,0,0.0,0,0,0,0,0,0,0 days 11:55:01.000000000
430,0.0,0.0,0,0,0.0,0,0,0,0,0,0,0 days 11:56:41.000000000
431,0.0,0.0,0,0,0.0,0,0,0,0,0,0,0 days 11:58:21.000000000
432,0.0,0.0,0,0,0.0,0,0,0,0,0,0,0 days 12:00:01.000000000
433,0.0,0.0,0,0,0.0,0,0,0,0,0,0,0 days 12:01:41.000000000
434,0.0,0.0,0,0,0.0,0,0,0,0,0,0,0 days 12:03:21.000000000
435,0.0,0.0,0,0,0.0,0,0,0,0,0,0,0 days 12:05:01.000000000
436,0.0,0.0,0,0,0.0,0,0,0,0,0,0,0 days 12:06:41.000000000
437,0.0,0.0,0,0,0.0,0,0,0,0,0,0,0 days 12:08:21.000000000
438,0.0,0.0,0,0,0.0,0,0,0,0,0,0,0 days 12:10:01.000000000
439,0.0,0.0,0,0,0.0,0,0,0,0,0,0,0 days 12:11:41.000000000
440,0.0,0.0,0,0,0.0,0,0,0,0,0,0,0 days 12:13:21.000000000
441,0.0,0.0,0,0,0.0,0,0,0,0,0,0,0 days 12:15:01.000000000
442,0.0,0.0,0,0,0.0,0,0,0,0,0,0,0 days 12:16:41.000000000
443,0.0,0.0,0,0,0.0,0,0,0,0,0,0,0 days 12:18:21.000000000
444,0.0,0.0,0,0,0.0,0,0,0,0,0,0,0 days 12:20:01.000000000
445,0.0,0.0,0,0,0.0,0,0,0,0,0,0,0 days 12:21:41.000000000
446,0.0,0.0,0,0,0.0,0,0,0,0,0,0,0 days 12:23:21.000000000
447,0.0,0.0,0,0,0.0,0,0,0,0,0,0,0 days 12:25:01.000000000
448,0.0,0.0,0,0,0.0,0,0,0,0,0,0,0 days 12:26:41.000000000
449,0.0,0.0,0,0,0.0,0,0,0,0,0,0,0 days 12:28:21.000000000
450,0.0,0.0,0,0,0.0,0,0,0,0,0,0,0 days 12:30:01.000000000
451,0.0,0.0,0,0,0.0,0,0,0,0,0,0,0 days 12:31:41.000000000
452,0.0,0.0,0,0,0.0,0,0,0,0,0,0,0 days 12:33:21.000000000
453,0.0,0.0,0,0,0.0,0,0,0,0,0,0,0 days 12:35:01.000000000
454,0.0,0.0,0,0,0.0,0,0,0,0,0,0,0 days 12:36:41.000000000
455,0.0,0.0,0,0,0.0,0,0,0,0,0,0,0 days 12:38:21.000000000
456,0.0,0.0,0,0,0.0,0,0,0,0,0,0,0 days 12:40:01.000000000
457,0.0,0.0,0,0,0.0,0,0,0,0,0,0,0 days 12:41:41.000000000
458,0.0,0.0,0,0,0.0,0,0,0,0,0,0,0 days 12:43:21.000000000
459,0.0,0.0,0,0,0.0,0,0,0,0,0,0,0 days 12:45:01.000000000
460,0.0,0.0,0,0,0.0,0,0,0,0,0,0,0 days 12:46:41.000000000
461,0.0,0.0,0,0,0.0,0,0,0,0,0,0,0 days 12:48:21.000000000
462,0.0,0.0,0,0,0.0,0,0,0,0,0,0,0 days 12:50:01.000000000
463,0.0,0.0,0,0,0.0,0,0,0,0,0,0,0 days 12:51:41.000000000
464,0.0,0.0,0,0,0.0,0,0,0,0,0,0,0 days 12:53:21.000000000
465,0.0,0.0,0,0,0.0,0,0,0,0,0,0,0 days 12:55:01.000000000
466,0.0,0.0,0,0,0.0,0,0,0,0,0,0,0 days 12:56:41.000000000
467,0.0,0.0,0,0,0.0,0,0,0,0,0,0,0 days 12:58:21.000000000
468,0.0,0.0,0,0,0.0,0,0,0,0,0,0,0 days 13:00:01.000000000
469,0.0,0.0,0,0,0.0,0,0,0,0,0,0,0 days 13:01:41.000000000
470,0.0,0.0,0,0,0.0,0,0,0,0,0,0,0 days 13:03:21.000000000
471,0.0,0.0,0,0,0.0,0,0,0,0,0,0,0 days 13:05:01.000000000
472,0.0,0.0,0,0,0.0,0,0,0,0,0,0,0 days 13:06:41.000000000
473,0.0,0.0,0,0,0.0,0,0,0,0,0,0,0 days 13:08:21.000000000
474,0.0,0.0,0,0,0.0,0,0,0,0,0,0,0 days 13:10:01.000000000
475,0.0,0.0,0,0,0.0,0,0,0,0,0,0,0 days 13:11:41.000000000
476,0.0,0.0,0,0,0.0,0,0,0,0,0,0,0 days 13:13:21.000000000
477,0.0,0.0,0,0,0.0,0,0,0,0,0,0,0 days 13:15:01.000000000
478,0.0,0.0,0,0,0.0,0,0,0,0,0,0,0 days 13:16:41.000000000
479,0.0,0.0,0,0,0.0,0,0,0,0,0,0,0 days 13:18:21.000000000
480,0.0,0.0,0,0,0.0,0,0,0,0,0,0,0 days 13:20:01.000000000
481,0.0,0.0,0,0,0.0,0,0,0,0,0,0,0 days 13:21:41.000000000
482,0.0,0.0,0,0,0.0,0,0,0,0,0,0,0 days 13:23:21.000000000
483,0.0,0.0,0,0,0.0,0,0,0,0,0,0,0 days 13:25:01.000000000
484,0.0,0.0,0,0,0.0,0,0,0,0,0,0,0 days 13:26:41.000000000
485,0.0,0.0,0,0,0.0,0,0,0,0,0,0,0 days 13:28:21.000000000
486,0.0,0.0,0,0,0.0,0,0,0,0,0,0,0 days 13:30:01.000000000
487,0.0,0.0,0,0,0.0,0,0,0,0,0,0,0 days 13:31:41.000000000
488,0.0,0.0,0,0,0.0,0,0,0,0,0,0,0 days 13:33:21.000000000
489,0.0,0.0,0,0,0.0,0,0,0,0,0,0,0 days 13:35:01.000000000
490,0.0,0.0,0,0,0.0,0,0,0,0,0,0,0 days 13:36:41.000000000
491,0.0,0.0,0,0,0.0,0,0,0,0,0,0,0 days 13:38:21.000000000
492,0.0,0.0,0,0,0.0,0,0,0,0,0,0,0 days 13:40:01.000000000
493,0.0,0.0,0,0,0.0,0,0,0,0,0,0,0 days 13:41:41.000000000
494,0.0,0.0,0,0,0.0,0,0,0,0,0,0,0 days 13:43:21.000000000
495,0.0,0.0,0,0,0.0,0,0,0,0,0,0,0 days 13:45:01.000000000
496,0.0,0.0,0,0,0.0,0,0,0,0,0,0,0 days 13:46:41.000000000
497,0.0,0.0,0,0,0.0,0,0,0,0,0,0,0 days 13:48:21.000000000
498,0.0,0.0,0,0,0.0,0,0,0,0,0,0,0 days 13:50:01.000000000
499,0.0,0.0,0,0,0.0,0,0,0,0,0,0,0 days 13:51:41.000000000
500,0.0,0.0,0,0,0.0,0,0,0,0,0,0,0 days 13:53:21.000000000
501,0.0,0.0,0,0,0.0,0,0,0,0,0,0,0 days 13:55:01.000000000
502,0.0,0.0,0,0,0.0,0,0,0,0,0,0,0 days 13:56:41.000000000
503,0.0,0.0,0,0,0.0,0,0,0,0,0,0,0 days 13:58:21.000000000
504,0.0,0.0,0,0,0.0,0,0,0,0,0,0,0 days 14:00:01.000000000
505,0.0,0.0,0,0,0.0,0,0,0,0,0,0,0 days 14:01:41.000000000
506,0.0,0.0,0,0,0.0,0,0,0,0,0,0,0 days 14:03:21.000000000
507,0.0,0.0,0,0,0.0,0,0,0,0,0,0,0 days 14:05:01.000000000
508,0.0,0.0,0,0,0.0,0,0,0,0,0,0,0 days 14:06:41.000000000
509,0.0,0.0,0,0,0.0,0,0,0,0,0,0,0 days 14:08:21.000000000
510,0.0,0.0,0,0,0.0,0,0,0,0,0,0,0 days 14:10:01.000000000
511,0.0,0.0,0,0,0.0,0,0,0,0,0,0,0 days 14:11:41.000000000
512,0.0,0.0,0,0,0.0,0,0,0,0,0,0,0 days 14:13:21.000000000
513,0.0,0.0,0,0,0.0,0,0,0,0,0,0,0 days 14:15:01.000000000
514,0.0,0.0,0,0,0.0,0,0,0,0,0,0,0 days 14:16:41.000000000
515,0.0,0.0,0,0,0.0,0,0,0,0,0,0,0 days 14:18:21.000000000
516,0.0,0.0,0,0,0.0,0,0,0,0,0,0,0 days 14:20:01.000000000
517,0.0,0.0,0,0,0.0,0,0,0,0,0,0,0 days 14:21:41.000000000
518,0.0,0.0,0,0,0.0,0,0,0,0,0,0,0 days 14:23:21.000000000
519,0.0,0.0,0,0,0.0,0,0,0,0,0,0,0 days 14:25:01.000000000
520,0.0,0.0,0,0,0.0,0,0,0,0,0,0,0 days 14:26:41.000000000
521,0.0,0.0,0,0,0.0,0,0,0,0,0,0,0 days 14:28:21.000000000
522,0.0,0.0,0,0,0.0,0,0,0,0,0,0,0 days 14:30:01.000000000
523,0.0,0.0,0,0,0.0,0,0,0,0,0,0,0 days 14:31:41.000000000
524,0.0,0.0,0,0,0.0,0,0,0,0,0,0,0 days 14:33:21.000000000
525,0.0,0.0,0,0,0.0,0,0,0,0,0,0,0 days 14:35:01.000000000
526,0.0,0.0,0,0,0.0,0,0,0,0,0,0,0 days 14:36:41.000000000
527,0.0,0.0,0,0,0.0,0,0,0,0,0,0,0 days 14:38:21.000000000
528,0.0,0.0,0,0,0.0,0,0,0,0,0,0,0 days 14:40:01.000000000
529,0.0,0.0,0,0,0.0,0,0,0,0,0,0,0 days 14:41:41.000000000
530,0.0,0.0,0,0,0.0,0,0,0,0,0,0,0 days 14:43:21.000000000
531,0.0,0.0,0,0,0.0,0,0,0,0,0,0,0 days 14:45:01.000000000
532,0.0,0.0,0,0,0.0,0,0,0,0,0,0,0 days 14:46:41.000000000
533,0.0,0.0,0,0,0.0,0,0,0,0,0,0,0 days 14:48:21.000000000
534,0.0,0.0,0,0,0.0,0,0,0,0,0,0,0 days 14:50:01.000000000
535,0.0,0.0,0,0,0.0,0,0,0,0,0,0,0 days 14:51:41.000000000
536,0.0,0.0,0,0,0.0,0,0,0,0,0,0,0 days 14:53:21.000000000
537,0.0,0.0,0,0,0.0,0,0,0,0,0,0,0 days 14:55:01.000000000
538,0.0,0.0,0,0,0.0,0,0,0,0,0,0,0 days 14:56:41.000000000
539,0.0,0.0,0,0,0.0,0,0,0,0,0,0,0 days 14:58:21.000000000
540,0.0,0.0,0,0,0.0,0,0,0,0,0,0,0 days 15:00:01.000000000
541,0.0,0.0,0,0,0.0,0,0,0,0,0,0,0 days 15:01:41.000000000
542,0.0,0.0,0,0,0.0,0,0,0,0,0,0,0 days 15:03:21.000000000
543,0.0,0.0,0,0,0.0,0,0,0,0,0,0,0 days 15:05:01.000000000
544,0.0,0.0,0,0,0.0,0,0,0,0,0,0,0 days 15:06:41.000000000
545,0.0,0.0,0,0,0.0,0,0,0,0,0,0,0 days 15:08:21.000000000
546,0.0,0.0,0,0,0.0,0,0,0,0,0,0,0 days 15:10:01.000000000
547,0.0,0.0,0,0,0.0,0,0,0,0,0,0,0 days 15:11:41.000000000
548,0.0,0.0,0,0,0.0,0,0,0,0,0,0,0 days 15:13:21.000000000
549,0.0,0.0,0,0,0.0,0,0,0,0,0,0,0 days 15:15:01.000000000
550,0.0,0.0,0,0,0.0,0,0,0,0,0,0,0 days 15:16:41.000000000
551,0.0,0.0,0,0,0.0,0,0,0,0,0,0,0 days 15:18:21.000000000
552,0.0,0.0,0,0,0.0,0,0,0,0,0,0,0 days 15:20:01.000000000
553,0.0,0.0,0,0,0.0,0,0,0,0,0,0,0 days 15:21:41.000000000
554,0.0,0.0,0,0,0.0,0,0,0,0,0,0,0 days 15:23:21.000000000
555,0.0,0.0,0,0,0.0,0,0,0,0,0,0,0 days 15:25:01.000000000
556,0.0,0.0,0,0,0.0,0,0,0,0,0,0,0 days 15:26:41.000000000
557,0.0,0.0,0,0,0.0,0,0,0,0,0,0,0 days 15:28:21.000000000
558,0.0,0.0,0,0,0.0,0,0,0,0,0,0,0 days 15:30:01.000000000
559,0.0,0.0,0,0,0.0,0,0,0,0,0,0,0 days 15:31:41.000000000
560,0.0,0.0,0,0,0.0,0,0,0,0,0,0,0 days 15:33:21.000000000
561,0.0,0.0,0,0,0.0,0,0,0,0,0,0,0 days 15:35:01.000000000
562,0.0,0.0,0,0,0.0,0,0,0,0,0,0,0 days 15:36:41.000000000
563,0.0,0.0,0,0,0.0,0,0,0,0,0,0,0 days 15:38:21.000000000
564,0.0,0.0,0,0,0.0,0,0,0,0,0,0,0 days 15:40:01.000000000
565,0.0,0.0,0,0,0.0,0,0,0,0,0,0,0 days 15:41:41.000000000
566,0.0,0.0,0,0,0.0,0,0,0,0,0,0,0 days 15:43:21.000000000
567,0.0,0.0,0,0,0.0,0,0,0,0,0,0,0 days 15:45:01.000000000
568,0.0,0.0,0,0,0.0,0,0,0,0,0,0,0 days 15:46:41.000000000
569,0.0,0.0,0,0,0.0,0,0,0,0,0,0,0 days 15:48:21.000000000
570,0.0,0.0,0,0,0.0,0,0,0,0,0,0,0 days 15:50:01.000000000
571,0.0,0.0,0,0,0.0,0,0,0,0,0,0,0 days 15:51:41.000000000
572,0.0,0.0,0,0,0.0,0,0,0,0,0,0,0 days 15:53:21.000000000
573,0.0,0.0,0,0,0.0,0,0,0,0,0,0,0 days 15:55:01.000000000
574,0.0,0.0,0,0,0.0,0,0,0,0,0,0,0 days 15:56:41.000000000
575,0.0,0.0,0,0,0.0,0,0,0,0,0,0,0 days 15:58:21.000000000
576,0.0,0.0,0,0,0.0,0,0,0,0,0,0,0 days 16:00:01.000000000
577,0.0,0.0,0,0,0.0,0,0,0,0,0,0,0 days 16:01:41.000000000
578,0.0,0.0,0,0,0.0,0,0,0,0,0,0,0 days 16:03:21.000000000
579,0.0,0.0,0,0,0.0,0,0,0,0,0,0,0 days 16:05:01.000000000
580,0.0,0.0,0,0,0.0,0,0,0,0,0,0,0 days 16:06:41.000000000
581,0.0,0.0,0,0,0.0,0,0,0,0,0,0,0 days 16:08:21.000000000
582,0.0,0.0,0,0,0.0,0,0,0,0,0,0,0 days 16:10:01.000000000
583,0.0,0.0,0,0,0.0,0,0,0,0,0,0,0 days 16:11:41.000000000
584,0.0,0.0,0,0,0.0,0,0,0,0,0,0,0 days 16:13:21.000000000
585,0.0,0.0,0,0,0.0,0,0,0,0,0,0,0 days 16:15:01.000000000
586,0.0,0.0,0,0,0.0,0,0,0,0,0,0,0 days 16:16:41.000000000
587,0.0,0.0,0,0,0.0,0,0,0,0,0,0,0 days 16:18:21.000000000
588,0.0,0.0,0,0,0.0,0,0,0,0,0,0,0 days 16:20:01.000000000
589,0.0,0.0,0,0,0.0,0,0,0,0,0,0,0 days 16:21:41.000000000
590,0.0,0.0,0,0,0.0,0,0,0,0,0,0,0 days 16:23:21.000000000
591,0.0,0.0,0,0,0.0,0,0,0,0,0,0,0 days 16:25:01.000000000
592,0.0,0.0,0,0,0.0,0,0,0,0,0,0,0 days 16:26:41.000000000
593,0.0,0.0,0,0,0.0,0,0,0,0,0,0,0 days 16:28:21.000000000
594,0.0,0.0,0,0,0.0,0,0,0,0,0,0,0 days 16:30:01.000000000
595,0.0,0.0,0,0,0.0,0,0,0,0,0,0,0 days 16:31:41.000000000
596,0.0,0.0,0,0,0.0,0,0,0,0,0,0,0 days 16:33:21.000000000
597,0.0,0.0,0,0,0.0,0,0,0,0,0,0,0 days 16:35:01.000000000
598,0.0,0.0,0,0,0.0,0,0,0,0,0,0,0 days 16:36:41.000000000
599,0.0,0.0,0,0,0.0,0,0,0,0,0,0,0 days 16:38:21.000000000
600,0.0,0.0,0,0,0.0,0,0,0,0,0,0,0 days 16:40:01.000000000
601,0.0,0.0,0,0,0.0,0,0,0,0,0,0,0 days 16:41:41.000000000
602,0.0,0.0,0,0,0.0,0,0,0,0,0,0,0 days 16:43:21.000000000
603,0.0,0.0,0,0,0.0,0,0,0,0,0,0,0 days 16:45:01.000000000
604,0.0,0.0,0,0,0.0,0,0,0,0,0,0,0 days 16:46:41.000000000
605,0.0,0.0,0,0,0.0,0,0,0,0,0,0,0 days 16:48:21.000000000
606,0.0,0.0,0,0,0.0,0,0,0,0,0,0,0 days 16:50:01.000000000
607,0.0,0.0,0,0,0.0,0,0,0,0,0,0,0 days 16:51:41.000000000
608,0.0,0.0,0,0,0.0,0,0,0,0,0,0,0 days 16:53:21.000000000
609,0.0,0.0,0,0,0.0,0,0,0,0,0,0,0 days 16:55:01.000000000
610,0.0,0.0,0,0,0.0,0,0,0,0,0,0,0 days 16:56:41.000000000
611,0.0,0.0,0,0,0.0,0,0,0,0,0,0,0 days 16:58:21.000000000
612,0.0,0.0,0,0,0.0,0,0,0,0,0,0,0 days 17:00:01.000000000
613,0.0,0.0,0,0,0.0,0,0,0,0,0,0,0 days 17:01:41.000000000
614,0.0,0.0,0,0,0.0,0,0,0,0,0,0,0 days 17:03:21.000000000
615,0.0,0.0,0,0,0.0,0,0,0,0,0,0,0 days 17:05:01.000000000
616,0.0,0.0,0,0,0.0,0,0,0,0,0,0,0 days 17:06:41.000000000
617,0.0,0.0,0,0,0.0,0,0,0,0,0,0,0 days 17:08:21.000000000
618,0.0,0.0,0,0,0.0,0,0,0,0,0,0,0 days 17:10:01.000000000
619,0.0,0.0,0,0,0.0,0,0,0,0,0,0,0 days 17:11:41.000000000
620,0.0,0.0,0,0,0.0,0,0,0,0,0,0,0 days 17:13:21.000000000
621,0.0,0.0,0,0,0.0,0,0,0,0,0,0,0 days 17:15:01.000000000
622,0.0,0.0,0,0,0.0,0,0,0,0,0,0,0 days 17:16:41.000000000
623,0.0,0.0,0,0,0.0,0,0,0,0,0,0,0 days 17:18:21.000000000
624,0.0,0.0,0,0,0.0,0,0,0,0,0,0,0 days 17:20:01.000000000
625,0.0,0.0,0,0,0.0,0,0,0,0,0,0,0 days 17:21:41.000000000
626,0.0,0.0,0,0,0.0,0,0,0,0,0,0,0 days 17:23:21.000000000
627,0.0,0.0,0,0,0.0,0,0,0,0,0,0,0 days 17:25:01.000000000
628,0.0,0.0,0,0,0.0,0,0,0,0,0,0,0 days 17:26:41.000000000
629,0.0,0.0,0,0,0.0,0,0,0,0,0,0,0 days 17:28:21.000000000
630,0.0,0.0,0,0,0.0,0,0,0,0,0,0,0 days 17:30:01.000000000
631,0.0,0.0,0,0,0.0,0,0,0,0,0,0,0 days 17:31:41.000000000
632,0.0,0.0,0,0,0.0,0,0,0,0,0,0,0 days 17:33:21.000000000
633,0.0,0.0,0,0,0.0,0,0,0,0,0,0,0 days 17:35:01.000000000
634,0.0,0.0,0,0,0.0,0,0,0,0,0,0,0 days 17:36:41.000000000
635,0.0,0.0,0,0,0.0,0,0,0,0,0,0,0 days 17:38:21.000000000
636,0.0,0.0,0,0,0.0,0,0,0,0,0,0,0 days 17:40:01.000000000
637,0.0,0.0,0,0,0.0,0,0,0,0,0,0,0 days 17:41:41.000000000
638,0.0,0.0,0,0,0.0,0,0,0,0,0,0,0 days 17:43:21.000000000
639,0.0,0.0,0,0,0.0,0,0,0,0,0,0,0 days 17:45:01.000000000
640,0.0,0.0,0,0,0.0,0,0,0,0,0,0,0 days 17:46:41.000000000
641,0.0,0.0,0,0,0.0,0,0,0,0,0,0,0 days 17:48:21.000000000
642,0.0,0.0,0,0,0.0,0,0,0,0,0,0,0 days 17:50:01.000000000
643,0.0,0.0,0,0,0.0,0,0,0,0,0,0,0 days 17:51:41.000000000
644,0.0,0.0,0,0,0.0,0,0,0,0,0,0,0 days 17:53:21.000000000
645,0.0,0.0,0,0,0.0,0,0,0,0,0,0,0 days 17:55:01.000000000
646,0.0,0.0,0,0,0.0,0,0,0,0,0,0,0 days 17:56:41.000000000
647,0.0,0.0,0,0,0.0,0,0,0,0,0,0,0 days 17:58:21.000000000
648,0.0,0.0,0,0,0.0,0,0,0,0,0,0,0 days 18:00:01.000000000
649,0.0,0.0,0,0,0.0,0,0,0,0,0,0,0 days 18:01:41.000000000
650,0.0,0.0,0,0,0.0,0,0,0,0,0,0,0 days 18:03:21.000000000
651,0.0,0.0,0,0,0.0,0,0,0,0,0,0,0 days 18:05:01.000000000
652,0.0,0.0,0,0,0.0,0,0,0,0,0,0,0 days 18:06:41.000000000
653,0.0,0.0,0,0,0.0,0,0,0,0,0,0,0 days 18:08:21.000000000
654,0.0,0.0,0,0,0.0,0,0,0,0,0,0,0 days 18:10:01.000000000
655,0.0,0.0,0,0,0.0,0,0,0,0,0,0,0 days 18:11:41.000000000
656,0.0,0.0,0,0,0.0,0,0,0,0,0,0,0 days 18:13:21.000000000
657,0.0,0.0,0,0,0.0,0,0,0,0,0,0,0 days 18:15:01.000000000
658,0.0,0.0,0,0,0.0,0,0,0,0,0,0,0 days 18:16:41.000000000
659,0.0,0.0,0,0,0.0,0,0,0,0,0,0,0 days 18:18:21.000000000
660,0.0,0.0,0,0,0.0,0,0,0,0,0,0,0 days 18:20:01.000000000
661,0.0,0.0,0,0,0.0,0,0,0,0,0,0,0 days 18:21:41.000000000
662,0.0,0.0,0,0,0.0,0,0,0,0,0,0,0 days 18:23:21.000000000
663,0.0,0.0,0,0,0.0,0,0,0,0,0,0,0 days 18:25:01.000000000
664,0.0,0.0,0,0,0.0,0,0,0,0,0,0,0 days 18:26:41.000000000
665,0.0,0.0,0,0,0.0,0,0,0,0,0,0,0 days 18:28:21.000000000
666,0.0,0.0,0,0,0.0,0,0,0,0,0,0,0 days 18:30:01.000000000
667,0.0,0.0,0,0,0.0,0,0,0,0,0,0,0 days 18:31:41.000000000
668,0.0,0.0,0,0,0.0,0,0,0,0,0,0,0 days 18:33:21.000000000
669,0.0,0.0,0,0,0.0,0,0,0,0,0,0,0 days 18:35:01.000000000
670,0.0,0.0,0,0,0.0,0,0,0,0,0,0,0 days 18:36:41.000000000
671,0.0,0.0,0,0,0.0,0,0,0,0,0,0,0 days 18:38:21.000000000
672,0.0,0.0,0,0,0.0,0,0,0,0,0,0,0 days 18:40:01.000000000
673,0.0,0.0,0,0,0.0,0,0,0,0,0,0,0 days 18:41:41.000000000
674,0.0,0.0,0,0,0.0,0,0,0,0,0,0,0 days 18:43:21.000000000
675,0.0,0.0,0,0,0.0,0,0,0,0,0,0,0 days 18:45:01.000000000
676,0.0,0.0,0,0,0.0,0,0,0,0,0,0,0 days 18:46:41.000000000
677,0.0,0.0,0,0,0.0,0,0,0,0,0,0,0 days 18:48:21.000000000
678,0.0,0.0,0,0,0.0,0,0,0,0,0,0,0 days 18:50:01.000000000
679,0.0,0.0,0,0,0.0,0,0,0,0,0,0,0 days 18:51:41.000000000
680,0.0,0.0,0,0,0.0,0,0,0,0,0,0,0 days 18:53:21.000000000
681,0.0,0.0,0,0,0.0,0,0,0,0,0,0,0 days 18:55:01.000000000
682,0.0,0.0,0,0,0.0,0,0,0,0,0,0,0 days 18:56:41.000000000
683,0.0,0.0,0,0,0.0,0,0,0,0,0,0,0 days 18:58:21.000000000
684,0.0,0.0,0,0,0.0,0,0,0,0,0,0,0 days 19:00:01.000000000
685,0.0,0.0,0,0,0.0,0,0,0,0,0,0,0 days 19:01:41.000000000
686,0.0,0.0,0,0,0.0,0,0,0,0,0,0,0 days 19:03:21.000000000
687,0.0,0.0,0,0,0.0,0,0,0,0,0,0,0 days 19:05:01.000000000
688,0.0,0.0,0,0,0.0,0,0,0,0,0,0,0 days 19:06:41.000000000
689,0.0,0.0,0,0,0.0,0,0,0,0,0,0,0 days 19:08:21.000000000
690,0.0,0.0,0,0,0.0,0,0,0,0,0,0,0 days 19:10:01.000000000
691,0.0,0.0,0,0,0.0,0,0,0,0,0,0,0 days 19:11:41.000000000
692,0.0,0.0,0,0,0.0,0,0,0,0,0,0,0 days 19:13:21.000000000
693,0.0,0.0,0,0,0.0,0,0,0,0,0,0,0 days 19:15:01.000000000
694,0.0,0.0,0,0,0.0,0,0,0,0,0,0,0 days 19:16:41.000000000
695,0.0,0.0,0,0,0.0,0,0,0,0,0,0,0 days 19:18:21.000000000
696,0.0,0.0,0,0,0.0,0,0,0,0,0,0,0 days 19:20:01.000000000
697,0.0,0.0,0,0,0.0,0,0,0,0,0,0,0 days 19:21:41.000000000
698,0.0,0.0,0,0,0.0,0,0,0,0,0,0,0 days 19:23:21.000000000
699,0.0,0.0,0,0,0.0,0,0,0,0,0,0,0 days 19:25:01.000000000
700,0.0,0.0,0,0,0.0,0,0,0,0,0,0,0 days 19:26:41.000000000
701,0.0,0.0,0,0,0.0,0,0,0,0,0,0,0 days 19:28:21.000000000
702,0.0,0.0,0,0,0.0,0,0,0,0,0,0,0 days 19:30:01.000000000
703,0.0,0.0,0,0,0.0,0,0,0,0,0,0,0 days 19:31:41.000000000
704,0.0,0.0,0,0,0.0,0,0,0,0,0,0,0 days 19:33:21.000000000
705,0.0,0.0,0,0,0.0,0,0,0,0,0,0,0 days 19:35:01.000000000
706,0.0,0.0,0,0,0.0,0,0,0,0,0,0,0 days 19:36:41.000000000
707,0.0,0.0,0,0,0.0,0,0,0,0,0,0,0 days 19:38:21.000000000
708,0.0,0.0,0,0,0.0,0,0,0,0,0,0,0 days 19:40:01.000000000
709,0.0,0.0,0,0,0.0,0,0,0,0,0,0,0 days 19:41:41.000000000
710,0.0,0.0,0,0,0.0,0,0,0,0,0,0,0 days 19:43:21.000000000
711,0.0,0.0,0,0,0.0,0,0,0,0,0,0,0 days 19:45:01.000000000
712,0.0,0.0,0,0,0.0,0,0,0,0,0,0,0 days 19:46:41.000000000
713,0.0,0.0,0,0,0.0,0,0,0,0,0,0,0 days 19:48:21.000000000
714,0.0,0.0,0,0,0.0,0,0,0,0,0,0,0 days 19:50:01.000000000
715,0.0,0.0,0,0,0.0,0,0,0,0,0,0,0 days 19:51:41.000000000
716,0.0,0.0,0,0,0.0,0,0,0,0,0,0,0 days 19:53:21.000000000
717,0.0,0.0,0,0,0.0,0,0,0,0,0,0,0 days 19:55:01.000000000
718,0.0,0.0,0,0,0.0,0,0,0,0,0,0,0 days 19:56:41.000000000
719,0.0,0.0,0,0,0.0,0,0,0,0,0,0,0 days 19:58:21.000000000
720,0.0,0.0,0,0,0.0,0,0,0,0,0,0,0 days 20:00:01.000000000
721,0.0,0.0,0,0,0.0,0,0,0,0,0,0,0 days 20:01:41.000000000
722,0.0,0.0,0,0,0.0,0,0,0,0,0,0,0 days 20:03:21.000000000
723,0.0,0.0,0,0,0.0,0,0,0,0,0,0,0 days 20:05:01.000000000
724,0.0,0.0,0,0,0.0,0,0,0,0,0,0,0 days 20:06:41.000000000
725,0.0,0.0,0,0,0.0,0,0,0,0,0,0,0 days 20:08:21.000000000
726,0.0,0.0,0,0,0.0,0,0,0,0,0,0,0 days 20:10:01.000000000
727,0.0,0.0,0,0,0.0,0,0,0,0,0,0,0 days 20:11:41.000000000
728,0.0,0.0,0,0,0.0,0,0,0,0,0,0,0 days 20:13:21.000000000
729,0.0,0.0,0,0,0.0,0,0,0,0,0,0,0 days 20:15:01.000000000
730,0.0,0.0,0,0,0.0,0,0,0,0,0,0,0 days 20:16:41.000000000
731,0.0,0.0,0,0,0.0,0,0,0,0,0,0,0 days 20:18:21.000000000
732,0.0,0.0,0,0,0.0,0,0,0,0,0,0,0 days 20:20:01.000000000
733,0.0,0.0,0,0,0.0,0,0,0,0,0,0,0 days 20:21:41.000000000
734,0.0,0.0,0,0,0.0,0,0,0,0,0,0,0 days 20:23:21.000000000
735,0.0,0.0,0,0,0.0,0,0,0,0,0,0,0 days 20:25:01.000000000
736,0.0,0.0,0,0,0.0,0,0,0,0,0,0,0 days 20:26:41.000000000
737,0.0,0.0,0,0,0.0,0,0,0,0,0,0,0 days 20:28:21.000000000
738,0.0,0.0,0,0,0.0,0,0,0,0,0,0,0 days 20:30:01.000000000
739,0.0,0.0,0,0,0.0,0,0,0,0,0,0,0 days 20:31:41.000000000
740,0.0,0.0,0,0,0.0,0,0,0,0,0,0,0 days 20:33:21.000000000
741,0.0,0.0,0,0,0.0,0,0,0,0,0,0,0 days 20:35:01.000000000
742,0.0,0.0,0,0,0.0,0,0,0,0,0,0,0 days 20:36:41.000000000
743,0.0,0.0,0,0,0.0,0,0,0,0,0,0,0 days 20:38:21.000000000
744,0.0,0.0,0,0,0.0,0,0,0,0,0,0,0 days 20:40:01.000000000
745,0.0,0.0,0,0,0.0,0,0,0,0,0,0,0 days 20:41:41.000000000
746,0.0,0.0,0,0,0.0,0,0,0,0,0,0,0 days 20:43:21.000000000
747,0.0,0.0,0,0,0.0,0,0,0,0,0,0,0 days 20:45:01.000000000
748,0.0,0.0,0,0,0.0,0,0,0,0,0,0,0 days 20:46:41.000000000
749,0.0,0.0,0,0,0.0,0,0,0,0,0,0,0 days 20:48:21.000000000
750,0.0,0.0,0,0,0.0,0,0,0,0,0,0,0 days 20:50:01.000000000
751,0.0,0.0,0,0,0.0,0,0,0,0,0,0,0 days 20:51:41.000000000
752,0.0,0.0,0,0,0.0,0,0,0,0,0,0,0 days 20:53:21.000000000
753,0.0,0.0,0,0,0.0,0,0,0,0,0,0,0 days 20:55:01.000000000
754,0.0,0.0,0,0,0.0,0,0,0,0,0,0,0 days 20:56:41.000000000
755,0.0,0.0,0,0,0.0,0,0,0,0,0,0,0 days 20:58:21.000000000
756,0.0,0.0,0,0,0.0,0,0,0,0,0,0,0 days 21:00:01.000000000
757,0.0,0.0,0,0,0.0,0,0,0,0,0,0,0 days 21:01:41.000000000
758,0.0,0.0,0,0,0.0,0,0,0,0,0,0,0 days 21:03:21.000000000
759,0.0,0.0,0,0,0.0,0,0,0,0,0,0,0 days 21:05:01.000000000
760,0.0,0.0,0,0,0.0,0,0,0,0,0,0,0 days 21:06:41.000000000
761,0.0,0.0,0,0,0.0,0,0,0,0,0,0,0 days 21:08:21.000000000
762,0.0,0.0,0,0,0.0,0,0,0,0,0,0,0 days 21:10:01.000000000
763,0.0,0.0,0,0,0.0,0,0,0,0,0,0,0 days 21:11:41.000000000
764,0.0,0.0,0,0,0.0,0,0,0,0,0,0,0 days 21:13:21.000000000
765,0.0,0.0,0,0,0.0,0,0,0,0,0,0,0 days 21:15:01.000000000
766,0.0,0.0,0,0,0.0,0,0,0,0,0,0,0 days 21:16:41.000000000
767,0.0,0.0,0,0,0.0,0,0,0,0,0,0,0 days 21:18:21.000000000
768,0.0,0.0,0,0,0.0,0,0,0,0,0,0,0 days 21:20:01.000000000
769,0.0,0.0,0,0,0.0,0,0,0,0,0,0,0 days 21:21:41.000000000
770,0.0,0.0,0,0,0.0,0,0,0,0,0,0,0 days 21:23:21.000000000
771,0.0,0.0,0,0,0.0,0,0,0,0,0,0,0 days 21:25:01.000000000
772,0.0,0.0,0,0,0.0,0,0,0,0,0,0,0 days 21:26:41.000000000
773,0.0,0.0,0,0,0.0,0,0,0,0,0,0,0 days 21:28:21.000000000
774,0.0,0.0,0,0,0.0,0,0,0,0,0,0,0 days 21:30:01.000000000
775,0.0,0.0,0,0,0.0,0,0,0,0,0,0,0 days 21:31:41.000000000
776,0.0,0.0,0,0,0.0,0,0,0,0,0,0,0 days 21:33:21.000000000
777,0.0,0.0,0,0,0.0,0,0,0,0,0,0,0 days 21:35:01.000000000
778,0.0,0.0,0,0,0.0,0,0,0,0,0,0,0 days 21:36:41.000000000
779,0.0,0.0,0,0,0.0,0,0,0,0,0,0,0 days 21:38:21.000000000
780,0.0,0.0,0,0,0.0,0,0,0,0,0,0,0 days 21:40:01.000000000
781,0.0,0.0,0,0,0.0,0,0,0,0,0,0,0 days 21:41:41.000000000
782,0.0,0.0,0,0,0.0,0,0,0,0,0,0,0 days 21:43:21.000000000
783,0.0,0.0,0,0,0.0,0,0,0,0,0,0,0 days 21:45:01.000000000
784,0.0,0.0,0,0,0.0,0,0,0,0,0,0,0 days 21:46:41.000000000
785,0.0,0.0,0,0,0.0,0,0,0,0,0,0,0 days 21:48:21.000000000
786,0.0,0.0,0,0,0.0,0,0,0,0,0,0,0 days 21:50:01.000000000
787,0.0,0.0,0,0,0.0,0,0,0,0,0,0,0 days 21:51:41.000000000
788,0.0,0.0,0,0,0.0,0,0,0,0,0,0,0 days 21:53:21.000000000
789,0.0,0.0,0,0,0.0,0,0,0,0,0,0,0 days 21:55:01.000000000
790,0.0,0.0,0,0,0.0,0,0,0,0,0,0,0 days 21:56:41.000000000
791,0.0,0.0,0,0,0.0,0,0,0,0,0,0,0 days 21:58:21.000000000
792,0.0,0.0,0,0,0.0,0,0,0,0,0,0,0 days 22:00:01.000000000
793,0.0,0.0,0,0,0.0,0,0,0,0,0,0,0 days 22:01:41.000000000
794,0.0,0.0,0,0,0.0,0,0,0,0,0,0,0 days 22:03:21.000000000
795,0.0,0.0,0,0,0.0,0,0,0,0,0,0,0 days 22:05:01.000000000
796,0.0,0.0,0,0,0.0,0,0,0,0,0,0,0 days 22:06:41.000000000
797,0.0,0.0,0,0,0.0,0,0,0,0,0,0,0 days 22:08:21.000000000
798,0.0,0.0,0,0,0.0,0,0,0,0,0,0,0 days 22:10:01.000000000
799,0.0,0.0,0,0,0.0,0,0,0,0,0,0,0 days 22:11:41.000000000
800,0.0,0.0,0,0,0.0,0,0,0,0,0,0,0 days 22:13:21.000000000
801,0.0,0.0,0,0,0.0,0,0,0,0,0,0,0 days 22:15:01.000000000
802,0.0,0.0,0,0,0.0,0,0,0,0,0,0,0 days 22:16:41.000000000
803,0.0,0.0,0,0,0.0,0,0,0,0,0,0,0 days 22:18:21.000000000
804,0.0,0.0,0,0,0.0,0,0,0,0,0,0,0 days 22:20:01.000000000
805,0.0,0.0,0,0,0.0,0,0,0,0,0,0,0 days 22:21:41.000000000
806,0.0,0.0,0,0,0.0,0,0,0,0,0,0,0 days 22:23:21.000000000
807,0.0,0.0,0,0,0.0,0,0,0,0,0,0,0 days 22:25:01.000000000
808,0.0,0.0,0,0,0.0,0,0,0,0,0,0,0 days 22:26:41.000000000
809,0.0,0.0,0,0,0.0,0,0,0,0,0,0,0 days 22:28:21.000000000
810,0.0,0.0,0,0,0.0,0,0,0,0,0,0,0 days 22:30:01.000000000
811,0.0,0.0,0,0,0.0,0,0,0,0,0,0,0 days 22:31:41.000000000
812,0.0,0.0,0,0,0.0,0,0,0,0,0,0,0 days 22:33:21.000000000
813,0.0,0.0,0,0,0.0,0,0,0,0,0,0,0 days 22:35:01.000000000
814,0.0,0.0,0,0,0.0,0,0,0,0,0,0,0 days 22:36:41.000000000
815,0.0,0.0,0,0,0.0,0,0,0,0,0,0,0 days 22:38:21.000000000
816,0.0,0.0,0,0,0.0,0,0,0,0,0,0,0 days 22:40:01.000000000
817,0.0,0.0,0,0,0.0,0,0,0,0,0,0,0 days 22:41:41.000000000
818,0.0,0.0,0,0,0.0,0,0,0,0,0,0,0 days 22:43:21.000000000
819,0.0,0.0,0,0,0.0,0,0,0,0,0,0,0 days 22:45:01.000000000
820,0.0,0.0,0,0,0.0,0,0,0,0,0,0,0 days 22:46:41.000000000
821,0.0,0.0,0,0,0.0,0,0,0,0,0,0,0 days 22:48:21.000000000
822,0.0,0.0,0,0,0.0,0,0,0,0,0,0,0 days 22:50:01.000000000
823,0.0,0.0,0,0,0.0,0,0,0,0,0,0,0 days 22:51:41.000000000
824,0.0,0.0,0,0,0.0,0,0,0,0,0,0,0 days 22:53:21.000000000
825,0.0,0.0,0,0,0.0,0,0,0,0,0,0,0 days 22:55:01.000000000
826,0.0,0.0,0,0,0.0,0,0,0,0,0,0,0 days 22:56:41.000000000
827,0.0,0.0,0,0,0.0,0,0,0,0,0,0,0 days 22:58:21.000000000
828,0.0,0.0,0,0,0.0,0,0,0,0,0,0,0 days 23:00:01.000000000
829,0.0,0.0,0,0,0.0,0,0,0,0,0,0,0 days 23:01:41.000000000
830,0.0,0.0,0,0,0.0,0,0,0,0,0,0,0 days 23:03:21.000000000
831,0.0,0.0,0,0,0.0,0,0,0,0,0,0,0 days 23:05:01.000000000
832,0.0,0.0,0,0,0.0,0,0,0,0,0,0,0 days 23:06:41.000000000
833,0.0,0.0,0,0,0.0,0,0,0,0,0,0,0 days 23:08:21.000000000
834,0.0,0.0,0,0,0.0,0,0,0,0,0,0,0 days 23:10:01.000000000
835,0.0,0.0,0,0,0.0,0,0,0,0,0,0,0 days 23:11:41.000000000
836,0.0,0.0,0,0,0.0,0,0,0,0,0,0,0 days 23:13:21.000000000
837,0.0,0.0,0,0,0.0,0,0,0,0,0,0,0 days 23:15:01.000000000
838,0.0,0.0,0,0,0.0,0,0,0,0,0,0,0 days 23:16:41.000000000
839,0.0,0.0,0,0,0.0,0,0,0,0,0,0,0 days 23:18:21.000000000
840,0.0,0.0,0,0,0.0,0,0,0,0,0,0,0 days 23:20:01.000000000
841,0.0,0.0,0,0,0.0,0,0,0,0,0,0,0 days 23:21:41.000000000
842,0.0,0.0,0,0,0.0,0,0,0,0,0,0,0 days 23:23:21.000000000
843,0.0,0.0,0,0,0.0,0,0,0,0,0,0,0 days 23:25:01.000000000
844,0.0,0.0,0,0,0.0,0,0,0,0,0,0,0 days 23:26:41.000000000
845,0.0,0.0,0,0,0.0,0,0,0,0,0,0,0 days 23:28:21.000000000
846,0.0,0.0,0,0,0.0,0,0,0,0,0,0,0 days 23:30:01.000000000
847,0.0,0.0,0,0,0.0,0,0,0,0,0,0,0 days 23:31:41.000000000
848,0.0,0.0,0,0,0.0,0,0,0,0,0,0,0 days 23:33:21.000000000
849,0.0,0.0,0,0,0.0,0,0,0,0,0,0,0 days 23:35:01.000000000
850,0.0,0.0,0,0,0.0,0,0,0,0,0,0,0 days 23:36:41.000000000
851,0.0,0.0,0,0,0.0,0,0,0,0,0,0,0 days 23:38:21.000000000
852,0.0,0.0,0,0,0.0,0,0,0,0,0,0,0 days 23:40:01.000000000
853,0.0,0.0,0,0,0.0,0,0,0,0,0,0,0 days 23:41:41.000000000
854,0.0,0.0,0,0,0.0,0,0,0,0,0,0,0 days 23:43:21.000000000
855,0.0,0.0,0,0,0.0,0,0,0,0,0,0,0 days 23:45:01.000000000
856,0.0,0.0,0,0,0.0,0,0,0,0,0,0,0 days 23:46:41.000000000
857,0.0,0.0,0,0,0.0,0,0,0,0,0,0,0 days 23:48:21.000000000
858,0.0,0.0,0,0,0.0,0,0,0,0,0,0,0 days 23:50:01.000000000
859,0.0,0.0,0,0,0.0,0,0,0,0,0,0,0 days 23:51:41.000000000
860,0.0,0.0,0,0,0.0,0,0,0,0,0,0,0 days 23:53:21.000000000
861,0.0,0.0,0,0,0.0,0,0,0,0,0,0,0 days 23:55:01.000000000
862,0.0,0.0,0,0,0.0,0,0,0,0,0,0,0 days 23:56:41.000000000
863,0.0,0.0,0,0,0.0,0,0,0,0,0,0,0 days 23:58:21.000000000
